nama,label
komposisi,"Komposisi: Aqua, Xanthan Gum*, Sodium Acrylates, Crossspolymer, Sodium Allantoin PCA, Chlorphenesin, Phenoxyethanol, Glycerin, Propanediol, Sodium Hyaluronate, Centella Asiatica Extract*, Cinnamomum Zeylanicum Bark Extract*, Panthenol, Niacinamide, Royal Jelly*, Arbutin, Resveratrol, Polyquaternium-7. (Note: *Ingredients From Natural Resources)"
komposisi1,"Komposisi: Aqua (Water), Hydrogenated Poly (C6-12 Olefin), Glycerin, Dipropylene Glycol, Caprylic/Capric Triglyceride, PPG-10 Methyl Glucose Ether, PEG-20 Sorbitan Isostearate, Glyceryl Stearate, Stearyl Alcohol, Dimethicone, Carbomer, Methylparaben, Sodium Hyaluronate, Behenyl Alcohol, Triethanolamine, Propylparaben, Phytostearyl/Octyldodecyl Lauroyl Glutamate, Disodium EDTA, Arachidyl Alcohol, Hydrolyzed (Nano-sized) Hyaluronic Acid, Sodium Acetylated Hyaluronate."
komposisi2,"Komposisi: Aqua (Water), Butylene Glycol, Glycerin, PPG-10 Methyl Glucose Ether, Methylparaben, Disodium Succinate, Sodium Hyaluronate, Hydroxyethylcellulosa, Succinic Acid, Hydrolyzed (Nano-sized)  Hyaluronic Acid, Sodium Acetylated Hyaluronate."
komposisi3,"Komposisi: Aqua, Ethylhexyl Methoxycinnamate, Isopropyl Palmitate, Paraffinum Liquidum, Glycerin, Cetyl Alcohol, Dimethicone, Palmitic Acid, Stearic Acid, Cetyl Palmitate, Glyceryl Stearate, Tapioca Starch, Butyl Methoxydibenzoylmethane, Carbomer, Phenoxyethanol, Glyceryl Glucoside, Sodium Hydroxide, Trisodium EDTA, Methylparaben, Propylparaben, Myristic Acid, Sodium Ascorbyl Phosphate, Propylene Glycol, Arachidic Acid, Oleic Acid, Vitis Vinifera Seed Oil, Citric Acid, Malpighia Glabra Fruit Juice, Tridecth-9, Myrciaria Dubia Fruit Juice, Licorice  (Glycyrrhiza Glabra) Extract Parfum"
nivealain,"*% Vitamin C yang terkandung dalam super foods dibandingkan dengan NIVEA Intensive Moisture Body Lotion **Stratum corneum ^Vitamin C derivative, Sodium Ascorbyl Phosphate Komposisi : Aqua, C12-15 Alkyl Benzoate, Glycerin, Alcohol Denat., Butyl Methoxydibenzoylmethane, Octocrylene, Phenylbenzimidazole Sulfonic Acid, Cetyl Alcohol, Dimethicone, Palmitic Acid, Stearic Acid, Cetyl Palmitate, Glyceryl Stearate, Phonexyethanol, Tapioca Starch, Sodium Hydroxide, Carbomer, Methylparaben, Ethylparaben, Trisodium EDTA, Myristic Acid, Sodium Ascorbyl Phosphate, Arachidic Acid, Creatine, Hydrolyzed Pearl, Oleic Acid, Persea Gratissima Oil, Propylene Glycol, Maltodextrin, Citrus Limon Juice, Zingiber Officinale Root Juice, Citric Acid, Malpighia Glabra Fruit Juice, Punica Granatum Fruit Extract, Trideceth-9, Sodium Benzoate, Potassium Sorbate, Camellia Sinensis Leaf Extract, Citrus Sinensis Fruit Extract, Flycyrrhiza Glabra Root Extract, Sodium Chloride, Sodium Sulfate, Lactic acid, Myrciaria Dubia Fruit Juice, Ascorbic Acid, Sorbic Acid, Bisabolol, Parfum, CI 77891,CI 15985, Cl 16035."
komposisi10,"KOMPOSISI: aqua, glycerin, asiaticoside, asiatic acid, madecassic acid, hydroxypropyl cyclodextrin, colloidal silver, astaxanthin, phospholipids, glucosylrutin, bioflavonoids, caprylic/capric triglyceride, chrysanthemum parthenium extract, cornflower (centaurea cyanus) extract, 1,2-hexanediol, butylene glycol, sodium hyaluronate, carbomer, triethanolamine, hydroxyethylcellulose, methylparaben, propylene glycol, helichrysum stoechas extract, hydroxyacetophenone, peg-40 hydrogenated castor oil, fragrance (parfum) components and finished fragrances"
skincare1,"as Ingredients: Ethylhexyl Palmitate, Caprylic/Capric Triglyceride, PEG-20 Glyceryl Triisostearate, Diisooctyl Succinate, Olive Oil PEG-7 Esters, Trihydroxystearin, Glyceryl Stearate, Limnanthes Alba (Meadowfoam) Seed Oil, Simmondsia Chinensis (Jojoba) Seed Oil, Hydrogenated Rapeseed Oil, Tocopheryl Acetate. [r0/il266v1]"
skincare2,"Ingredients/Ingredients: AQUA (WATER), CAPRYLIC/CAPRIC TRIGLYCERIDE, CETYL ALCOHOL PROPANEDIOL, STEARYL ALCOHOL, GLYCERIN, SODIUM HYALURONATE, ARGININE, ASPARTIC ACID, GLYCINE, ALANINE. SERINE, VALINE, ISOLEUCINE, PROLINE, THREONINE, HISTIDINE, PHENYLALANINE, GLUCOSE, MALTOSE, FRUCTOSE, TREHALOSE. SODIUM PCA, PCA, SODIUM LACTATE, UREA, ALLANTOIN, LINOLEIC ACID, OLEIC ACID, PHYTOSTERYL CANOLA GLYCERIDES, PALMITIC ACID."
skincare3,"KOMPOSISI: aqua, glycerin, niacinamide, glycereth-26. propylene glycol, diazolidinyl urea. hydroxyethyl cellulose. phenoxyethanol, carbomer. triethanolamine, methylparaben, disodium edta, parfum, sodium hyaluronate, astragalus membranaceus root extract. saposhnikovia divaricata root extract, calendula officinalis flower extract, albizia julibrissin flower extract, gastrodia elata root extract, ascorbic acid, glyceryl glucoside. nonapeptide-1"
skincare4,"INGREDIENTS Water, Cyclomethicone, Niacinamide, Glycerin, Butylene Glycol, Phenoxyethanol, C10-30 Acrylate Copolymer, Triethanolamine, Brassica Oleracea Italica (Broccoli) Sprout Extract, Brassica Campestris (Rapseed) Sprout Extract, Brassica Oleracea Gemmifera (Brussels Sprout) Extract, Helianthus Annuus (Sunflower) Extract, Ammonium Acryloyl Dimethyltaurate, Chlorphenesin, Ceramide, Hyaluronic Acid, Hamamelis Virginiana Water, Allantoin, Zinc PCA, Borago Officinalis Leaf Extract, Fragrance, Alcohol, T-Butyl Alcohol, Tetrasodium EDTA, Vitis Vinifera Seed Oil, Rosa Rugosa Flower Oil, Citrus paradisi Fruit Extract."
komposisi4,"Komposisi: Purified water, Niacinamide, Glycerin, Isononyl isononanoate, Glyceryl stearate, Cetearyl alcohol, Sorbitan stearate, Alpha-arbutin, Propanediol, Dimethicone, Phenoxyethanol, Carbomer, Triethanolamine, Butylene glycol, Xanthan gum, Disodium EDTA, BHT, Tocopheryl acetate, Sodium metabisulfite, Fragrance, Triethylene glycol, Lactobacillus/ (Lemon/Orange) peel extract ferment filtrate, Bifida ferment lysate, Caprylyl glycol, 1 , 2-Hexanediol, Tranexamic acid, Tranexamoyl dipeptide-22, Nicotinoyl dipeptide-22."
komposisi5,"INGREDIENTS Centella Asiatica Extract (50.47%), Aqua(Water), Propanediol, 1,2-Hexanediol, Glycerin, Hydroxyacetophen-one, Betaine, Mineral Salts, Panthenol, Ethylhexylglycerin, Sodium Polyacryloyldimethyl Taurate, Disodium EDTA, Butylene Glycol, Salix Alba (Willow) Bark Extract, Castanea Crenata (Chestnut) Shell Extract, Lavandula Angustifolia (Lavender) Flower Extract, Hyaluronic Acid, Hydrolyzed Hyaluronic Acid, Sodium Hyaluronate, Allantoin, Citric Acid, Capryloyl Salicylic Acid, Gluconolactone, Sodium Citrate, Salicylic Acid, Glycolic Acid"
komposisi6,"INGREDIENTS Centella Asiatica Extract (50.47%), Aqua (Wa-ter), Butylene Glycol, Propanediol, 1,2-Hexanediol, Aloe Bar-badensis Leaf Extract, Glycereth-26, Hydroxyacetophenone, Glycerin, Carbomer, Tromethamine, Panthenol, Ethylhexyl- glycerin, Disodium EDTA, Dipotassium Glycyrrhizate, Am-monium Polyacryloyldimethyl Taurate, Biosaccharide Gum-1, Hyaluronic Acid, Hydrolyzed Hyaluronic Acid, Sodium Hya-luronate, Hydroxyethylcellulose, Chamomilla Recutita (Ma-tricaria) Flower Extract, Mineral Salts, Tripeptide-3, Acetyl Hexapeptide-8, Acetyl Octapeptide-3, Copper Tripeptide-1, Palmitoyl Pentapeptide-4, Palmitoyl Tetrapeptide-7, Pal- mitoyl Tripeptide-1, Tripeptide-1, Tripeptide-2"
skincare5,"Camellia Oleifera (Camellia) Seed Oil*, Salvia Hispanica (Chia) Seed Oil, Prunus Cerasus (Bitter Cherry) Seed Oil, Fragaria Ananassa (Strawberry) Seed Oil, Punica Granatum (Pomegranate) Seed Oil*, Vaccinium Corymbosum (Blueberry) Seed Oil, Vaccinium Macrocarpon (Cranberry) Seed Oil*, Fusanus Spicatus (Sandalwood Nut) Kernel Oil, Rubus Idaeus (Raspberry) Seed Oil"". Hippophae Rhamnoides (Sea Buckthorn) Fruit Oil, Lavandula Angustifolia (Lavender) Herb Oil"". Pelargonium Graveolens (Geranium) Flower Oil, Santalum Spicatum (Sandalwood) Oil*, Citrus Aurantium Amara (Neroli) Flower Oil*, Caprylic/- Capric Triglyceride, Sea Whip Extract, Limonene+. Linalool+, Citral+, Citronellol+, Geraniol+, Farnesol+"
skincare6,"Ingredients (Ingrédients): Aqua (Water/Eau), Alcohol Denat., PVP, Dimethicone PEG-7 Phosphate, PPG-3 Benzyl Ether Myristate, Polyhydroxystearic Acid, Dipropylene Glycol, Methyl Methacrylate Crosspolymer, Caprylyl Glycol, Isononyl Isononanoate, Ethylhexyl Isononanoate, Sodium Cocamidopropyl PG-Dimonium Chloride Phosphate, Glycereth-5 Lactate, Methyl Diisopropyl Propionamide, Sodium Hydroxide, Parfum / Fragrance, Aloe Barbadensis Leaf Juice Powder, Maltodextrin, Poloxamer 407 desegional Detaccium Sorbate Sodium"
skincare7,"Ingredients: Aqua, Ethylhexyl Methoxycinnamate, 4-Methylbenzylidene Camphor, Acrylates Copolymer, Propylene Glycol, Polyacrylamide, Butyl Methoxydibenzoylmethane, Dimethicone, Cyclopentasiloxane, Phenoxyethanol, C13-14 Isoparaffin, Triethanolamine, Panthenol, Laureth 7. Aloe Barbadensis (Aloe Vera) Leaf Extract, Dimethicone Crosspolymer, Carbomer, Fragrance, Tocopheryl Acetate, Disodium EDTA, Triethylene Glycol, Dimethicone/Vinyl Dimethicone Crosspolymer, Dimethiconol, Potassium Sorbate, Sodium Benzoate."
skincare8,"NGREDIENTS: Water (Aqua), Caprylic/Capric Triglyceride, Glycerin, Cetearyl Alcohol, Propanediol, 1,2-Hexanediol, Polyglyceryl-2 Stearate, Glyceryl Stearate, Stearyl Alcohol, Arachidyl Alcohol, Phenoxyethanol, Behenyl Alcohol, Arachidyl Glucoside, Caprylyl Sycol, Arginine, Carbomer, Glycine, Xanthan Gum, Panthenol, Disodium EDTA, Illicium Verum (Anise) Fruit Extract, Pentylene Mycol, Sodium Hydroxide, Citric Acid, Urea, Fructose, Glutamic did, Lysine, Leucine, Methionine, Valine, Serine, Cysteine, Aspartic oid, Alanine, Isoleucine, Tyrosine, Threonine, Phenylalanine, roline, Histidine, Maltose, Sodium Lactate, Sodium Chloride, djum PCA, Allantoin, Trehalose, Glucose, Sodium Hyaluronate"
skincare9,"INGREDIENTS: Water (Aqua), Caprylic/Capric Triglyceride, Glycerin, Cetearyl Alcohol, Propanediol, 1,2-Hexanediol, Polyglyceryl-2 Stearate, Glyceryl Stearate, Stearyl Alcohol, Arachidyl Alcohol, Phenoxyethanol, Behenyl Alcohol, Arachidyl Glucoside, Caprylyl Glycol, Arginine, Carbomer, Glycine, Xanthan Gum, Panthenol, Disodium EDTA, Illicium Verum (Anise) Fruit Extract, Pentylene Glycol, Sodium Hydroxide, Citric Acid, Urea, Fructose, Glutamic Acid, Lysine, Leucine, Methionine, Valine, Serine, Cysteine, Aspartic Acid, Alanine, Isoleucine, Tyrosine, Threonine, Phenylalanine, Proline, Histidine, Maltose, Sodium Lactate, Sodium Chloride, Sodium PCA, Allantoin, Trehalose, Glucose, Sodium Hyaluronate"
skincare10,"INGREDIENTS: Caprylic/Capric Triglyceride, Squalane, Glycine Soja (Soybean) Oil, Rosa Canina Fruit Oil, Pentaerythrityl Tetra-di-t-butyl Hydroxyhydrocinnamate, Retinol"
skincare12,"INGREDIENTS: WATER/AQUA, GLYCERIN, CAPRYLIC/CAPRIC TRIGLYCERIDE, BUTYLENE GLYCOL, CETYL ETHYLHEXANOATE, HYDROGENATED POLYDECENE, NIACINAMIDE, DIMETHICONE, CETEARYL ALCOHOL, GLYCERYL STEARATE SE, METHYLPROPANEDIOL, POLYGLYCERYL-3 METHYLGLUCOSE DISTEARATE, BUTYROSPERMUM PARKII (SHEA) BUTTER, PHENOXYETHANOL, POLYSORBATE 60, PALMITIC ACID, DIMETHICONE/VINYL DIMETHICONE CROSSPOLYMER, STEARIC ACID, ARGININE, CARBOMER, BETAINE, CARICA PAPAYA FRUIT EXTRACT, CITRUS AURANTIFOLIA (UME) FRUIT EXTRACT, XANTHAN GUM, ADENOSINE, FRAGRANCE/PARFUM, DISODIUM EDTA, TOCOPHERYL ACETATE, 1,2-HEXANEDIOL, MYRISTIC ACID, ARACHIDIC ACID, CYCLOHEXANE, PAEONIA LACTIFLORA ROOT EXTRACT, GLYCYRRHIZA GLABRA (LICORICE) ROOT EXTRACT, POLYGONUM MULTIFLORUM ROOT EXTRACT, PHELLINUS LINTEUS EXTRACT MORUS ALBA BARK EXTRACT, SOPHORA FLAVESCENS ROOT EXTRACT, CIMICIFUGA RACEMOSA ROOT EXTRACT, SESAMUM VOICUM (SESAME SEED EXTRACT, ANGELICA GIGAS ROOT EXTRACT, SCUTELLARIA BAICAL ENSIS BOOT EXTRACT, OLEIC ACID,"
komposisi7,"Komposisi:Water, Cyclopentasiloxane, Zinc Oxide, Silica, Dimethicone, Triethoxysily-ethyl Polydimethylsiloxyethyl Hexyl Dimethicone, Lauryl PEG-9 Polydimethylsiloxyethyl Dimethicone, Ethylhexyl Methoxycinnamate, Isononyl Isononanoate, Polymethylsilsesquioxane, Butylene Glycol, Diethylaminohydroxybenzoy I Hexyl Benzoate, Acrylates/Dimethicone Copolymer, Glycerin, Lauroyl Lysine, Methylparaben, Propylparaben, Disodium EDTA, Tocopheryl Acetate, Sodium Hyaluronate, Sodium Acetylated Hyaluronate (AcHA)*, Panthenol, Dipotassium Glycyrrhizate, Hydrolyzed Collagen."
komposisi8,"Ingredients: Aqua, Stearic Acid, Niacinamide, Cyclopentasiloxane, Ethylhexyl Methoxycinnamate, Glycerin, Cyclohexasiloxane, Dimethicone, Propanediol, Butylene Glycol, Cetyl Alcohol, Palmitic Acid, Heptyl Glucoside, Phenoxyethanol, Octocrylene, Butyl Methoxydibenzoylmethane, Titanium Dioxide, Polyacrylate-13, Chlorphenesin, Arachidic Acid, Polyisobutene, Potassium Hydroxide, Allantoin, Tocopheryl Acetate, Polysorbate 20, Fragrance, Triethoxycaprylylsi- lane, Arbutin, Citric Acid, Sodium Sulfite, Aluminum Hydroxide, Actinidia Polygama Fruit Extract, Heptanol, Acetyl Tyrosine, Saxifraga Sarmentosa Extract, BHT, Paeonia Suffruticosa Root Extract, Aminopropyl Ascorbyl Phosphate, Scutellaria Baicalensis Root Extract, Glutathione, Saccharomyces Lysate, Disodium Succinate, Ethylhexylglycerin, Glutamic Acid, Glycine, Threonine, Valine."
komposisi9,"KOMPOSISI: aqua, sorbitol, niacinamide, propylene glycol, hydroxyacetophenone, 1,2-hexanediol, rice ferment filtrate, oryza sativa (rice) germ oil, oryza sativa (rice) extract, hordeum vulgare extract, hydrolyzed hyaluronic acid, hyaluronic acid, sodium hyaluronate, sodium hyaluronate crosspolymer, hydrolyzed collagen, hydroxyethylcellulose, carbomer, triethanolamine, sclerotium gum, milk, parfum, disodium edta, coix lacryma-jobi extract, atractylodes macrocephala root extract, crocus sativus extract, squalane"
komposisi12,"KOMPOSISI: aqua, sorbitol, hydrolyzed oat protein, propylene glycol, hydroxyacetophenone, 1,2-hexanediol, ceramide ns, ceramide np, ceramide eos, ceramide eop, ceramide as, ceramide ap. ceramide 1 a, tremella fuciformis polysaccharide, hydroxyethylcellulose, carbomer, triethanolamine. sclerotium gum, parfum, disodium edta, camellia sinensis leaf extract, sodium hyaluronate, hamamelis virginiana extract, panthenol, centella asiatica extract"
komposisi14,"INGREDIENTS: Water, Morinda Citrifolia Fruit Extract, Glycerin, Dipropylene Glycol, Betaine, Methylpropanediol, Caffeine, Hydroxyacetophenone, Butylene Glycol, Choleth-24, Carbomer, 1,2-Hexanediol, Allantoin, Caprylyl Glycol, Tromethamine, Hydroxyethyl Urea, Anthemis Nobilis Flower Extract, Ethylhexylglycerin, Lavandula Angustifolia (Lavender) Oil, Citrus Nobilis (Mandarin Orange) Peel Oil, Disodium EDTA, Bisabolol, Caprylic/Capric Triglyceride, Leuconostoc/Radish Root Ferment Filtrate, Lactobacillus/Soybean Ferment Extract, Lactobacillus Ferment, Lactobacillus/Acerola Cherry Ferment, Lactococcus Ferment, Bifida Ferment Filtrate, Lactococcus Ferment Lysate, Lactobacillus/Punica Granatum Fruit Ferment Extract, Lactobacillus Ferment Lysate, Hydrogenated Lecithin, Ceramide NP.
Manufactured by: PT Cosmax Indonesia, Jakarta - Indonesia."
komposisi15,"INGREDIENTS WATER, 1,2-HEXANEDIOL, BUTYLENE GLYCOL, GLYCERIN, DIPROPYLENE GLYCOL, BETAINE, PROPANEDIOL, POLYGLYCE- RYL-10 LAURATE, PANTHENOL, ALLANTOIN, CARBOMER, CITRUS LIMON (LEMON) FRUIT EXTRACT, CENTELLA ASIATICA EXTRACT, PAEONIA SUFFRUTICOSA ROOT EXTRACT, CHAMOMILLA RECUTITA (MATRIACARIA) FLOWER EXTRACT, VIOLA TRICOLOR EXTRACT, LAVANDULA ANGUSTIFOLIA (LAVENDER) FLOWER EXTRACT, CENTAUREA CYANUS FLOWER EXTRACT, PYRUS MALUS (APPLE) FRUIT EXTRACT, CARICA PAPAYA (PAPAYA) LEAF EXTRACT, ARGININE, ETHYLHEXYLGLYCERIN, DISODIUM EDTA, CITRUS AURANTIUM DULCIS (ORANGE) OIL, XAN- THAN GUM, GLYCERYL CAPRYLATE, LIMONENE"
komposisi17,"INGREDIENTS
AQUA, NIACINAMIDE, BUTYLENE GLYCOL PROPYLENE GLYCOL, PEG/PPG-14/7 DIMETHYL ETHER, CENTELLA ASIATICA EXTRACT, GENTIANA SCABRA ROOT EXTRACT, AVENA SATIVA (OAT) KERNEL EXTRACT, YEAST EXTRACT, CROCUS SATIVUS FLOWER EXTRACT, ALPHA-ARBUTIN CERAMIDE NP, AVENA SATIVA KERNEL OIL, SPHINGOLIPIDS, CERAMIDE AS, CERAMIDE AP, CERAMIDE NS, 1,2-HEXANEDIOL, BIS-PEG-18 METHYL ETHER DIMETHYL SILANE, SODIUM POLYACRYLOYLDIMETHYL TAURATE, ALLANTOIN, HYDROGENATED LECHITIN, ACRYLATES/C10-30 ALKYL ACRYLATE CROSSPOLYMER, PENTYLENE GLYCOL, ISOHEXADECANE, TRANEXAMIC ACID, FRUCTOSE, AMINOMETHYL PROPANOL, PROPANEDIOL, SODIUM HYALURONATE, DISODIUM EDTA, PEG-7 GLYCERYL COCOATE, PHOSPHATIDYLCHOLINE, PHYTOSTEROLS, SODIUM STEAROYL GLUTAMATE, HYDROXYACE- TOPHENONE, FRAGRANCE (PARFUM) COMPONENTS AND FINISHED FRAGRANCES, CAPRYLHYDROXAMIC ACID, SOY AMINO ACIDS, PHENOXYETHANOL, CHLORPHENESIN, ETHYLHEX- YLGLYCERIN."
komposisi18,"Ingredients: Aqua, Mineral Oil, Glycerin, Stearic Acid, Parfum, Cetearyl Alcohol, Glyceryl Stearate, Niacinamide, Propylene Glycol, Butyrospermum Parkii (Shea) Butter Extract, Tocopheryl Acetate, Sodium Hyaluronate, Glycyrrhiza Glabra (Licorice) Root Extract, Sweet Almond (Prunus Amygdalus Dulcis) Oil, Allantoin, Soluble Collagen, Dimethicone, Titanium Dioxide, PEG-100 Stearate, DMDM Hydantoin, Sodium Benzoate, Benzophenone-3, Polyacrylamide, C13-14 Isoparaffin, C9-11 Pareth-6, Xanthan Gum, Tetrasodium EDTA, CI 14720, CI 19140, Caramel."
komposisi19,"INGREDIENTS
Water, Glycerin, Butylene Glycol, Salicylic Acid, Niacinamide, Propylene Glycol, Phenoxyethanol, Carbomer, PEG-100 Stearate, Glyceryl Stearate, Diglycerin, Triethanolamine, Sophora Angustifolia Root Extract, Glycyrrhiza uralensis (licorice) root extract, Chlorphenesin, Allantoin, Black Tea Ferment, Portulaca Oleracea Flower/Leaf/Stem Extract, Paeonia Suffruticosa Root Bark Extract, Paeonia Lactiflora Extract, Ethylhexylglycerin, Disodium EDTA, Fragrance, Glucose, Cnidium Monnieri Fruit Extract, Caprylic/Capric Triglyceride, Zinc PCA, Dextrin, Hydrogenated Lecithin, Hexylene Glycol, Stearic Acid, Cholesterol, Anthemis Nobilis Flower Extract, Ceramide NP, Acetyl Hexapeptide-8, Hydroxyacetophenone"
komposisi20,"Ingredients: Aqua, Butylene Glycol, Dimethicone, Niacinamide,
Ethyl Macadamiate, Ethylhexyl Olivate, Glycerin, Acrylates/Beheneth-25 Methacrylate Copolymer, Helianthus Annuus Seed Oil, Titanium Dioxide, Glycine Soja Oil, Cetearyl Olivate, Phenoxyethanol, Sorbitan Olivate, Cetearyl Alcohol, Cetyl Palmitate, Aminomethyl Propanol, Butyl Methoxydibenzoylmethane, Ethylhexyl Methoxycinnamate, Polyglyceryl-3 Diisostearate, Sorbitan Palmitate, Carbomer, Disodium EDTA, Octocrylene, Oryza Sativa Extract, Oryza Sativa Germ Extract, Dimethicone/Vinyl Dimethicone Crosspolymer, Sorbitan Oleate, Triethylene Glycol, BHT, Fragrance, Glycyrrhiza Glabra Root Extract, Xanthan Gum, Hydrogen Dimethicone, Lecithin, Silica, Isoceteth-10, 2-Aminobutanol, Tocopherol."
komposisi21,"INGREDIENTS
Aqua, Glycerin, Cocamidopropyl Betaine, Stearic Acid, Propylene Glycol, Sodium Laureth Sulfate, Lauric Acid, Lauryl Betaine, Myristic Acid, Palmitic Acid, Potassium Hydroxide, Niacinamide, Glycol Stearate, Glycyrrhiza Glabra (root) Extract, Cocamide DEA, Centella Asiatica Leaf Extract, Salicylic Acid, Ethylhexylglycerin, Butylene Glycol, Sodium Lauroyl Methylaminopropionate, Alcohol, Hydroxypropyl Methylcellulose, Phenoxyethanol, Fragrance, DMDM Hydantoin, Disodium EDTA, Triclosan, Potassium Sorbate, Sodium Benzoate, Sodium Chloride."
komposisi22,"KOMPOSISI: Ethylhexyl Palmitate, Cetyl Ethylhexanoate, Peg-20 Glyceryl Triisostearate, Sorbeth-30 Tetraoleate, Olea Europaea (Olive) Fruit Oil, Canola Oil, Polyethylene, Ozokerite, Limnanthes Alba (Meadowfoam) Seed Oil, Camellia Oleifera Seed Oil, Macadamia Ternifolia Seed Oil, Camellia Sinensis Leaf Extract, Saccharomyces Ferment Filtrate, Tocopherol, Butylene Glycol, 1,2-Hexanediol, Ethylhexylglycerin"
komposisi23,"INGREDIENTS:
Water Glycerin, Coco-Betaine, Morinda Citrifolia Fruit Extract, Pentylene Glycol, Xanthan Gum, Sodium Chloride, Coco-Glucoside, Glyceryl Caprylate, Caprylyl Glycol, Decyl Glucoside, Betaine, Butylene Glycol, Bisabolol, Sodium Cocoyl Isethionate, 1,2-Hexanediol, Disodium EDTA, Anthemis Nobilis Flower Extract, Citric Acid, Quillaja Saponaria Bark Extract, Ethylhexylglycerin, Allantoin, Caffeine, Caprylic/Capric Triglyceride, Leuconostoc/Radish Root Ferment Filtrate, Lactobacillus/Soybean Ferment Extract, Lactobacillus Ferment, Lactobacillus/Acerola Cherry Ferment, Lactococcus Ferment, Bifida Ferment Filtrate. Lactococcus Ferment Lysate, Lactobacillus/Punica Granatum Fruit Ferment Extract, Lactobacillus Ferment Lysate, Hydrogenated Lecithin, Ceramide NP. Manufactured by: RT Cosmax Indonesia, Jakarta - Indonesia."
komposisi24,"INGREDIENTS
AQUA, GLYCERIN, SODIUM COCOYL GLYCINATE, LAURYL BETAINE, HYDROXYPRO- PYL STARCH PHOSPHATE, CITRIC ACID, PEG-60 GLYCERYL ISOSTEARATE, SODIUM CHLORIDE, GLYCERYL STEARATE SE, COCO-GLUCOSIDE, PHENOXYETHANOL, FRAGRANCE (PARFUM) COMPONENTS AND FINISHED FRAGRANCES, SODIUM COCOYL ISETHIONATE, SODIUM PHYTATE, ETHYLHEX- YLGLYCERIN, POLYQUATERNIUM-7, 1,2-HEX- ANEDIOL, QUILLAJA SAPONARIA BARK EXTRACT, SODIUM BENZOATE, CERAMIDE NP, CERAMIDE EOP, HYALURONIC ACID, CERAMIDE AP, CENTELLA ASIATICA EXTRACT, NIACINAMIDE, CERAMIDE AS, PANTHENOL, CERAMIDE NS, SALICYLIC ACID, ARGININE, BUTYLENE GLYCOL, HYDROGENATED LECHITIN, CETEARYL ALCOHOL, TOCOPHER- OL, STEARIC ACID, ASCORBIC ACID, SODIUM HYALURONATE, CHOLESTEROL, PHYTO- SPHINGOSINE."
komposisi25,"Komposisi: Aqua, Glycerin, Quaternium-60,
Propylene Glycol, Butylene Glycol, Carbomer, 1,2-Hexanediol, Propanediol, Acrylates/C10-30 Alkyl Acrylate Crosspolymer, C12-14 Pareth-12, Ethylhexylglycerin, Fragrance, Houttuynia Cordata Extract, Disodium EDTA, Hyaluronic Acid, Hydrolyzed Hyaluronic Acid, Sodium Hyaluronate, Portulaca Oleracea Extract, Xylitylglucoside, Anhydroxylitol, Xylitol, Centella Asiatica Extract, Melaleuca Alternifolia (Tea Tree) Leaf Extract, Glycyrrhiza Glabra (Licorice) Root Extract, Sucrose, Glucose, Punica Granatum Fruit Extract, Salicylic Acid, Lactobionic Acid, Cyclohexasiloxane, Acetyl Hexapeptide-8, Silk Amino Acids"
komposisi26,"Ingredients: Water, butylene glycol, glycerin, cyclopentasilox-ane, squalane, niacinamide, cetearyl, alcohol, ammonium acryloyldimethyltaurate/vp copolymer, lactobacillus/rice ferment, polyglyceryl-6 distearate, 1,2-hexanediol, hydroxyacetophenone, cetearyl glucoside, dimethicone crosspolymer, jojoba esters, lecithin, sodium hyaluronate, caffeine, cyclodextrin, collagen, allantoin, polyglyceryl-3 beeswax, cetyl alcohol, beta-glucan, escin, glycyrrhiza uralensis (licorice) root extract, polysorbate 20, trehalose, propanediol, phenoxyethanol, centella asiatica root extract, ethylhexylglycerin, caprylyl glycol, xanthan gum, palmitoyl tripeptide-1, arginine/lysine polypeptide."
komposisi27,"LBZ EXP.210226 GV

INGREDIENTS:
Water, Glycerin, Dicaprylyl Ether, Butylene Glycol, Hydrogenated Ethylhexyl Olivate, Pentylene Glycol, 1,2-Hexanediol, Panthenol, Hydrogenated Polydecene, Saccharide Isomerate, Hydroxyethyl Acrylate/Sodium Acryloyldimethyl Taurate Copolymer, Acrylates/C10-30 Alkyl Acrylate Crosspolymer, Polymethylsilsesquioxane, Hydrogenated Olive Oil Unsaponifiables, Boron Nitride, Madecassoside, Aloe Barbadensis Leaf Extract, Allantoin, Artemisia Vulgaris Extract, Astrocaryum Murumuru Seed Butter, Glyceryl Acrylate/Acrylic Acid Copolymer, Tromethamine, Ethylhexylglycerin, Xanthan Gum, Dipotassium Glycyrrhizate, Sodium Phytate, Ceramide NP, Sodium Citrate, Citric Acid, Sea Water, Propanediol, Tocopherol, Emiliania Huxleyi Extract. Manufactured by: PT Cosmax Indonesia - Jakarta, Indonesia."
komposisi28,"INGREDIENTS
Water, Glycerin, Butylene Glycol, Squalane, Neopentyl Glycol Diheptanoate, Pentylene Glycol, Dipentaerythrityl Hexa C5-9 Acid Esters, Betaine, Polyglycerin 3, Ethylhexyl Methoxycinnamate, 1,2-Hexanediol, Cetyl Ethylhexanoate, Hydrogenated Olive Oil Unsaponifiables, 4-t-Butylcyclohexanol, Allantoin, Poloxamer 235, Acrylates/C10-30 Alkyl Acrylate Crosspolymer, Hydrogenated Lecithin, Xanthan Gum, Retinol, Sodium Hyaluronate, Sodium Dilauramidoglutamide Lysine, Polysorbate 20, Sodium Ascorbate, Sodium Phytate, Ethylhexylglycerin, Epigallocatechin Gallate, BHT, Disodium EDTA, Phenoxyethanol, BHA, Tocopherol. Manufactured by:"
komposisi29,"INGREDIENTS
Citrus Limon (Lemon) Fruit Extract, Glycerin, Butylene Glycol, 3-O-Ethyl Ascorbic Acid, Methylpropanediol, Acetyl Glucosamine, Pentylene Glycol, 1,2-Hexanediol, Ferulic Acid, Ammonium Acryloyldimethyltaurate/VP Copolymer, Caprylyl Glycol, Sodium Hydroxide, Xanthan Gum, Ethylhexylglycerin, Sodium Phytate, Tocopherol. Manufactured by:
PT Cosmax Indonesia - Jakarta, Indonesia."
emina,"Ingredients: Aqua, Ethanol, Ethylhexyl Methoxycinnamate, Glyceryl Stearate, Diethylamino Hydroxybenzoyl Hexyl Benzoate, Dimethicone, Butylene Glycol, Phenoxyethanol, Triethanolamine, Aloe Vera (Leaf) Extract, Panthenol, Polyvinyl Alcohol, Propylene Glycol, Acrylates/C10-30 Alkyl Acrylate Crosspolymer, Fragrance, Hydrolyzed Wheat Protein/PVP Crosspolymer, BHT, Disodium EDTA, Ethylhexylglycerin, Xanthan Gum, Potassium Sorbate, Sodium Benzoate."
skincare13,"INGREDIENTS: Aqua (Water), Stearic Acid, Myristic Acid, Potassium Hydroxide, Coconut Acid, Glycerin, Triethanolamine, Parfum (Fragrance), Sodium Hydroxide, Allantoin, Melaleuca Alternifolia (Tea Tree) Leaf Oil, Limonene, Linalool."
skincare14,"INGREDIENTS: Water, Sodium Methyl 2-Sulfolaurate, Glycerin, Hydrated Silica, Decyl Glucoside, Acrylates/Palmeth-25 Acrylate Copolymer, Acrylates Copolymer, Cocamidopropyl Betaine, Disodium 2-Sulfolaurate, Cocamidopropyl PG-Dimonium Chloride Phosphate, Juglans Regia (Walnut) Shell Powder, Avena Sativa (Oat) Meal Extract, Honey, Fragrance, Polyacrylamide, PPG-2 Methyl Ether, Phenethyl Alcohol, Disodium EDTA, Methylisothiazolinone, Titanium Dioxide."
komposisinivea,"Composition:
Aqua, Aluminum Chloro- hydrate, Isoceteth-20, Dica- prylyl Ether, Butylene Glycol, Glyceryl Isostearate, Parfum, Laureth-7 Citrate, PEG-150 Distearate, Palmitamidopropyltri- monium Chloride, Propylene Glycol, Citric Acid, Tocopherol, Hydrogenated Palm Glycerides Citrate Fresh underarms and clothes protected from stains. Contains no ethyl alcohol, gentle on the skin."
komposisihijau,"Komposisi: Aqua, Glycerin*, Ethylhexyl Methoxycinnamate, Butyl Methoxydibenzoylmethane, Glyceryl Stearate, Cetyl Alcohol, Cocos Nucifera (Coconut) Oil*, Stearic Acid, Parfum, Dimethicone, Inulin Lauryl Carbamate, Ethylhexyl Triazone, Niacinamide, Chlorphenesin, Acrylates Crosspolymer, Oryza Sativa Bran Water*, Phenoxyethanol, Sodium Hyaluron, Octocrylene, Disodium Edta, Potassium Hydroxide, Collagen*, Ceramide 3*, Sodium Surfactin.
Note: *Ingredients From Natural Resources)"
skincare20,"Ingredients: Water, Caprylic/Capric Triglyceride, Glycerin, Sodium Cocoyl Isethionate, Stearic Acid, Cetyl Alcohol, Argania Spinosa Kernel Oil, Shea Butteramidopropyl Betaine, Sodium Hyaluronate, Cucumis Sativus (Cucumber) Fruit Extract, Butyrospermum Parkii (Shea) Butter, Cocos Nucifera (Coconut) Oil, Aloe Barbadensis Leaf Extract, Tocopheryl Acetate, Retinyl Palmitate, Ascorbic Acid, Pyridoxine HCI, Silica, Stearalkonium Hectorite, Propylene Carbonate, Propylene Glycol, Potassium Cetyl Phosphate, Guar Hydroxypropyltrimonium Chloride, Sodium Chloride, Citric Acid, PEG-8 Dimethicone, Octyldodecanol, Sodium Propoxyhydroxypropyl Thiosulfate Silica, Fragrance, Blue 1, Yellow 5, Diazolidinyl Urea, Methylparaben, Propylparaben."
skincare21,"Inactive ingredients Ascorbic Acid, Ceteareth 20, Cetearyl Alcohol, Cetyl Alcohol, Citric Acid, Citrus Grandis (Grapefruit) Seed Oil, Dimethicone, Fragrance, Glyceryl Stearate, Lanolin, Methylparaben, Mineral Oil, Octyldodecanol, PEG-8 Dimethicone, Phenoxyethanol, Potato Starch Modified, Propylene Glycol, Retinyl Palmitate, Silica, Sodium Hyaluronate, Sodium Metabisulfite, Sodium Propoxyhydroxypropyl Thiosulfate Silica, Tetrasodium EDTA Tocopheryl Acetate, Trimethylpentanediol/Adipic Acid Copolymer, Water."
skincare22,"Ingredients: Water, Caprylic/Capric Triglyceride, Glycerin, Sodium Cocoyl Isethionate, Stearic Acid, Cetyl Alcohol, Argania Spinosa Kernel Oil, Shea Butteramidopropyl Betaine, Sodium Hyaluronate, Cucumis Sativus (Cucumber) Fruit Extract, Butyrospermum Parkii (Shea) Butter, Cocos Nucifera (Coconut) Oil, Aloe Barbadensis Leaf Extract, Tocopheryl Acetate, Retinyl Palmitate, Ascorbic Acid, Pyridoxine HCI, Silica, Stearalkonium Hectorite, Propylene Carbonate, Propylene Glycol, Potassium Cetyl Phosphate, Guar Hydroxypropyltrimonium Chloride, Sodium Chloride, Citric Acid, PEG-8 Dimethicone, Octyldodecanol, Sodium Propoxyhydroxypгору Thiosulfate Silica, Fragrance, Blue 1, Yellow 5, Diazolidinyl Urea, Methylparaben, Propylparaben."
skincare23,"Ingredients: Vitamin A, Vitamin E, Ascorbic Acid, Arbutin, Carbomer, Eliclear, 4U, Cocamidopropyl Betaine, Ethylenediamine Tetraacetic Acid, Phenoxyethanol, Triethanolamine, Fragrance, Deionized Water"
skincare24,"Ingredients Aqua (Water), Butyrospermum Parkii (Shea) Butter, Caprylic/Capric Triglyceride, Cannabis Sativa Seed Oil, Glycerin, Glyceryl Stearate SE, Mel (Honey), Cetearyl Alcohol, Cera Alba (Beeswax), Lanolin, Shea Butter Ethyl Esters, Glucosamine HCL, Phenoxyethanol, Benzyl Alcohol, Propylene Glycol, Menthol, Mentha Arvensis (Peppermint) Leaf Oil, Xanthan Gum, Menthyl Lactate, Ethylhexylglycerin, Dehydroacetic Acid, Limonene, Propolis Extract, Bee Venom, Sodium Benzoate."
skincare25,"Ingredients: Aqua, Glycerine, Vitamin B3, Propylene Glycol, Salicylic Acid, Aloe Vera, Allantoin, DMDM Hydantoin, Sodium Hydroxide, Carbomer."
skincare26,"Active Ingredients: Octinoxate 7.5%, Octisalate 5%, Titanium Dioxide 3.5%, Zinc Oxide 3%."
skincare27,"INGREDIENTS: water, hydroxyethyl urea, caprylic/capric triglyceride dimethicone, glycerin, stearyl alcohol, vitis vinifera (grape) seed oil, glyceryl stearate, sodium hyaluronate, ceramide NP, gluconolactone, steareth-21, niacinamide, guar hydroxypropyltrimonium chloride, cholesterol, ceramide NS, polysorbate 60, ethylhexylglycerin, panthenol, ceramide EOP, caprooyl phytosphingosine, polyacrylate crosspolymer-6, ceramide EOS, hydroxyacetophenone, cetyl alcohol, ceramide AP, caprooyl sphingosine, tocopherol, cetearyl alcohol, disodium EDTA, ceteareth-25, 3-0-ethyl ascorbic acid, behenic acid 6"
skincare28,"INGREDIENTS: water, hydroxyethyl urea, glycerin, dimethicone, petrolatum, selaginella lepidophylla extract, jojoba esters, aloe barbadensis leaf juice, stearyl alcohol, behentrimonium methosulfate, glyceryl stearate, steareth-21, cetyl alcohol, distearyldimonium chloride, tocopheryl acetate, bisabolol, squalene, zingiber (ginger) root extract, panthenol, hydrolyzed jojoba esters, butylene glycol, stearamidopropyl PG-dimonium chloride phosphate, propylene glycol, lens esculenta (lentil) fruit extract, sodium lactate, sodium PCA, methyl gluceth-20, ethylhexylglycerin, methylparaben, cetearyl alcohol, polysorbate 60, citrullus lanatus (watermelon) fruit extract, pyrus malus (apple) fruit extract, EDTA, tocopherol, potassium hydroxide, magnesium ascorbyl phosphate, whey protein, ubiquinone, C12-15 alkyl benzoate, jojoba oil/macadamia seed oil esters, phytosteryl macadamiate, phytosterols, citric acid"
skincare29,"INGREDIENTS: Aqua (Water), Glycerin, Cetearyl alcohol, C12-15 alkyl benzoate, Paraffinum liquidum (Mineral oil), Dimethicone, Glyceryl stearate, Avena sativa (Oat) kernel flour, PEG-100 stearate, Phenoxyethanol, Carbomer, Caprylyl glycol, Potassium hydroxide, Ethylhexylglycerin, Tetrasodium EDTA, Benzyl alcohol."
skincare30,"Ingredients: Aqua, Ethylhexyl Methoxycinnamate, 4-Methylbenzylidene Camphor, Acrylates Copolymer, Propylene Glycol, Polyacrylamide, Butyl Methoxydibenzoylmethane, Dimethicone, Cyclopentasiloxane, Phenoxyethanol, C13-14 Isoparaffin, Triethanolamine, Panthenol, Laureth 7, Aloe Barbadensis (Aloe Vera) Leaf Extract, Dimethicone Crosspolymer, Carbomer, Fragrance, Tocopheryl Acetate, Disodium EDTA, Triethylene Glycol, Dimethicone/Vinyl Dimethicone Crosspolymer, Dimethiconol, Potassium Sorbate, Sodium Benzoate."
skincare31,"INGREDIENTS: Water, Zea Mays (Corn) Starch, Disodium Cocoyl Glutamate, Sodium Cocoamphoacetate, Citric Acid, Sodium Chloride, Diglycerine, Panthenol, Lactobacillus/Collagen/Mesembryanthemum Crystallinum Leaf Extract Ferment Lysate, Benzyl Alcohol, Phenoxyethanol, JEJU Lava Seawater, Butylene Glycol, Ethylhexylglycerin, Allantoin, Disodium EDTA Glycerin, Aloe Barbadensis Leaf Extract, Sodium Lauroyl Lactylate, 1,2-Hexanediol, Polyglutamic acid, Pueraria Lobata Root Extract, Glycine Soja Seed Extract, Lens Esculenta Seed Extract, Ceratonia Siliqua Seed Extract Centella Asiatica Extract, Phaseolus Radiatus Seed Extract, Canavalia Gladiata Seed Extract, Lactobacillus Ferment Lysate, Ceramide NP, Sodium Hyaluronate Ceramide AP, Phytosphingosine, Cholesterol, Carbomer. Xanthan Gum, Hydrolyzed Hyaluronic acid Hydroxypropyltrimonium Hyaluronate, Sodium Acetylated Hyaluronate, Ceramide EOP"
skincare32,"Ingredients: Ethylhexyl Palmitate, Caprylic/Capric Triglyceride, PEG-20 Glyceryl Triisostearate, Diisooctyl Succinate, Olive Oil PEG-7 Esters, Trihydroxystearin, Glyceryl Stearate, Limnanthes Alba (Meadowfoam) Seed Oil, Simmondsia Chinensis (Jojoba) Seed Oil, Hydrogenated Rapeseed Oil, Tocopheryl Acetate. [r0/il266v1]"
data1,"Ingredients: Water, Propylene Glycol, Glycolic Acid, Niacinamide, Salicylic Acid, Butylene Glycol, Amylopectin, Xanthan Gum, Dextrin, Chamomilla Recutita (Matricaria) Flower Extract, Aloe Barbadensis Leaf Juice, Fucus Vesiculosus Extract, Rubus Idaeus (Raspberry) Fruit Extract, Acer Saccharum (Sugar Maple) Extract, Portulaca Oleracea Extract, Hydroxypropyl Bisstearamide MEA, Polyglutamic Acid, Tetrasodium EDTA, Sodium Hydroxymethylglycinate, Triethanolamine, Dipropylene Glycol, Behenyl Alcohol, Ceteareth-20, Cholesteryl Isostearate, Tricaprylin, Cetearyl Alcohol, Squalane, Cholesterol, Stearic Acid, Dimethicone, Phenoxyethanol."
data2,"INGREDIENTS: Purified Water, 3-O-Ethyl Ascorbic Acid, Propanediol, Diethylene Glycol Monoethyl Ether, Sodium Hyaluronate, Ferulic Acid, Perfume, Hydroxyethyl Cellulose, Diazolidinyl Urea, Sodium Gluconate, Iodopropynyl Butylcarbamate."
data3,"INGREDIENTS: WATER (AQUA), ALCOHOL, GLYCERIN, ANGELICA ACUTILOBA ROOT EXTRACT, COIX LACRYMA-JOBI (JOB'S TEARS) SEED EXTRACT, DIPOTASSIUM GLYCYRRHIZATE, HAMAMELIS VIRGINIANA (WITCH HAZEL) EXTRACT, MELOTHRIA HETEROPHYLLA ROOT EXTRACT, TOCOPHERYL ACETATE, TRITICUM VULGARE (WHEAT) GERM OIL, CITRIC ACID, DL-C12-15 PARETH-8 PHOSPHATE, ETHYLHEXYL METHOXYCINNAMATE, POLYSORBATE 80, SODIUM CITRATE, SORBITAN SESQUIOLEATE, TRIETHYLHEXANOIN, ETHYLPARABEN, METHYLPARABEN, PROPYLPARABEN, FRAGRANCE (PARFUM)."
data4,"Water (Aqua), Sodium Laureth Sulfate, Cocamidopropyl Betaine, Polysorbate 20, Perfume, Cocamide DEA, Lauryl Glucoside, Glycerin, PEG-12 Dimethicone, Phenoxyethanol, Ethylhexylglycerin, Panthenol, Propylene Glycol, Chamomilla Recutita Flower Extract, Hydrolyzed Silk, Buthylene Glycol, Honey Extract, Citric Acid, Disodium EDTA"
data5,"INGREDIENTS: AQUA (WATER), MICA, GLYCERIN, VP/VA COPOLYMER, PHENOXYETHANOL, DIMETHICONE, CARBOMER, TRIETHANOLAMINE, TOCOPHERYL ACETATE, PARFUM (FRAGRANCE), CI 77891 (TITANIUM DIOXIDE), CI 77491 (IRON OXIDES)"
data6,"Ingredients: Water, Glycerin, Niacinamide, Glucose, Camellia Sinesis Leaf Extract, Ascorbyl Glucoside, Bifida Ferment Filtrate, Squalane, Palmitoyl Tripeptide-1, Palmitoyl Tetrapeptide-7, Acetyl Glucosamine, Panthenol, Saccharomyces/Xylinum/Black Tea Ferment, Bifida Ferment Lysate, Prunus Cerasus (Bitter Cherry) Extract, Plankton Extract, Xanthan Gum, Yeast Extract, Dipotassium Glycyrrhizinate, Lithothamnium Calcareum Powder, Mica, Thioctic Acid, Retinyl Palmitate, Ascorbic Acid, Tocopheryl Acetate, Beta-Carotene, Phylloquinone (Vitamin K), Milk EDTA, Phenoxyethanol, Methylisothiazolinone."
data7,"INGREDIENTS: WATER, EMULSIFIER: GLYCEROL, STABILIZING POLYOXYETHYLENE SORBITAN MONOLAURATE, MELATONIN, PRESERVATIVES POTASSIUM SORBATE, SODIUM BENZOATE, ACIDITY REGULATOR: CITRIC ACID, FLAVORINGS SWEETENER: SUCRALOSE. ALCOHOL FREE."
data8,"Ingredients: Syndet Base*, Shea Blend (Opuntia ficus-indica, Oleic acid, Omega-6 Fatty Acids), Squalene, Glycerine, Allantoin, DC 3031, Olivem 300, Argan oil, Jojoba oil, Olive oil, Vitamin E, EDTA, BHT, Aquaxyl and Perfume.
(*Syndet Base contains Maltodextrin, Sodium Coco-Sulfate, Cetearyl Alcohol, Disodium Lauryl Sulfosuccinate, Potassium Lauryl Sulfate, Water, Sodium Cocoyl Glycinate, Phosphroic Acid)"
data9,"Water, phenoxyethanol, decyl glucoside, triethyl citrate, surfactant, brightener."
data10,"INGREDIENTS: PROPANEDIOL, ETHANOL SDA 40B 190 PROOF, LACTIC ACID, MINOXIDIL USP, DIISOPROPYL ADIPATE, BUTYLATED HYDROXYTOLUENE, SODIUM METHABISULFITE, ADENOSINE, BUTYLENE GLYCOL, AQUA, PPG-26-BUTETH-26, PEG-40 HYDROGENATED CASTOR OIL, APIGENIN, OLEANOLIC ACID, BIOTINOYL TRIPEPTIDE-1, MENTHOL CRYSTAL, MENTHA PIPERITA (PEPPERMINT) OIL, AZELAIC ACID, HYDROLYZED WHEAT PROTEIN, PROCYANIDIN B-2, D-BIOTIN, PHOSPHOLIPIDS, ESCIN, BETA-SITOSTEROL, FOLIC ACID, CYNOCOBALAMIN, NIACINAMIDE, PANTOTHENIC ACID, PYRIDOXINE, RIBOFLAVIN, THIAMINE (YEAST POLYPEPTIDES)"
skincare33,"INGREDIENTS WATER, GLYCERIN, PROPYLENE GLYCOL, SQUALANE, DIMETHICONE, PARAFFINUM LIQUIDUM, GREEN TEA EXTRACT, MALUS DOMESTICA (APPLE) FRUIT CELL CULTURE EXTRACT, CETEARYL ALCOHOL, OCIMUM SANCTUM LEAF EXTRACT, CETEARYL GLUCO- SIDE, PEG-100 STEARATE, GLYCERYL STEARATE, HYDROGENATED COCO-GLYCERIDES, TOCOPHE- ROL(VITAMIN E), CARBOMER, TRIETHANOL- AMINE, PANTHENOL(VITAMIN B5), HYALURONIC ACID, PHENOXYETHANOL, HYDROXYETHYLCEL- LULOSE, RETINOL, DISODIUM EDTA, DEXTRAN."
skincare34,"INGREDIENTS: AQUA, SODIUM LAURETH SULFATE, COCAMIDOPROPYL BETAINE, PEG-7 GLYCERYL COCOATE, PARFUM, GLYCE RIN, GLYCERYL GLUCOSIDE, SODIUM CHLORIDE, CALCI- UM CHLORIDE, HELIANTHUS ANNUUS SEED OIL, PEG-40 HYDROGENATED CASTOR OIL, POLYQUATERNIUM-7, CITRIC ACID, GLYCOL DISTEARATE, LAURETH-4, PEG-200 HYDROGENATED GLYCERYL PALMATE, SODIUM BENZOATE, CI 42090."
skincare35,"INGREDIENTS: Aqua, Sodiurn Lauryl Sulfate, Sodium Laureth Distearate, Zinc Carbonate, Sodium Chloride, Sodium Xylenes Pyrithione, Cocamidopropyl Betaine, Dimethicone, Parfum, Sodi Guar Hydroxypropyltrimonium Chloride, Hydrochloric Acid, Hex Linalool, Butylphenyl Methylpropional, Magnesium Carbonat Magnesium Nitrate, Sodium Polynaphthalenes Methylchloroisothiazolinone, Magnesium Chloride,"
skincare36,INGREDIENTS: AQUA (WATER) CYCLOPENTASILOXANE CETYL ALCO- HOL CETYL TRANEXAMATE HCL PENTYLENE GLYCOL. ISOPROPYL LAUROYL SARCOSINATE METHYL GLUCETH-10- DIMETHICONE POLYMETHYLSILSESQUIOXANE RAFFINO- SE SORBETH-40 TETRAOLEATE BUTYLENE GLYCOL PAR- FUM (FRAGRANCE) POLYSORBATE 60 METHYLPARA- BEN HYDROXYETHYLCELLULOSE CHLORPHENESIN MA GNESIUM CHLORIDE SODIUM CITRATE SORBITAN STEARATE DIMETHICONE/VINYL DIMETHICONE CROSSPOLY- MER BHT GLYCERYL STEARATE PROPYLPARABEN. GLYCYRRHIZA GLABRA (LICORICE) ROOT EXTRACT HY- DROLYZED CONCHIOLIN PROTEIN IL22A
skincare37,"INGREDIENTS Aqua, Cyclomethicone, Mica, Polybutene, Triisostearin. Prunus Persica Flower Extract. Betula Alba Oil. Lavandula Officinalis Oil. Paraffinum Liquidum. Propylene Carbonate. Methylparaben, Phenoxyethanol, Propylparaben. Lecithin, Alcohol Denat., BHT. Parfum. Aroma, Cinnamyl Alcohol, Citronellol, [+/- CI 15580, CI 45430]"
skincare38,"INGREDIENTS INCI (INCI US) Aqua (Water), Caprylic/Capric Triglyceride, Glycerin, Butyrospermum Parkii (Shea Butter), Coco-Caprylate/Caprate, Helianthus Annuus (Sunflower) Seed Oil, Sucrose Stearate, Trehalose, Parfum (Fragrance), Sucrose Distearate, Arginine, Sodium Hyaluronate, Glyceryl Caprylate"", Chondrus Crispus (Carrageenan) Extract, Xanthan Gum, Laminaria Ochroleuca Extract"", Aloe Barbadensis Leaf Juice, Biosaccharide Gum-2°, Pyrus Malus (Apple) Seed Extract, Commiphora Mukul Resin Extract, Algae Extract, Citric Acid, Phytic Acid, Brassica Oleracea Italica (Broccoli) Extract, Camellia Sinensis Leaf Extract, Silybum Marian Extract 100% of the ingredients are of natural origin. *100% of ingredients are from natural origin."
skincare39,"Ingredients: Aqua, Ammonium Lauryl Sulfate, Decyl Glucoside, Lauryl Glucoside, Cocamidopropyl Betaine, Dimethicone (and) Amodimethicone (and) Laureth-23 (and) Polyquaternium-10 (and) Laureth-4, Glycol Distearate, Acrylates Copolymer, Polyquaternium-7, Fragrance, PEG 150 Distearate, Citric Acid, Polyquaternium-10, Potassium Sorbate, Sodium Benzoate, Glycerin, Disodium EDTA, Maltooligosyl Glucoside & Hydrogenated Starch Hydrolysate, PEG-45M, Methylchloroisothiazolinone & Methylisothiazolinone, Sodium Hydroxide, BHT, Cicer Arietinum Seed Extract, Terminalia Bellerica Fruit Extract. 500 GB"
skincare40,"Ingredients: Distilled water, shea butter, succinic acid derivatives, karite tree fruit extract, laurel berry derivatives, coconut methyl glycol, essential oils, beta gluco samine, beta fructan, amino guanidine."
skincare41,"Ingredients: Water, Citrus Medica Limonum Peel Extract, Vetiveria Zizanoides Root Extract, Polysorbate 20, Glycerin, Melia Azadirachta Leaf Extract, Perfume, Phenoxyethanol & Methylisothiazolinone, Symplocos Racemosa Bark Extract, Benzoic Acid, Menthol."
skincare42,"Ingredients: Water, Citrus Medica Limonum Peel Extract, Vetiveria Zizanoides Root Extract, Polysorbate 20, Glycerin, Melia Azadirachta Leaf Extract, Perfume, Phenoxyethanol & Methylisothiazolinone, Symplocos Racemosa Bark Extract, Benzoic Acid, Menthol."
skincare43,"INGREDIENTS: WATER, COCAMIDOPROPYLBETAINE, DISODIUM COCOAMPHODIACETATE, COCO-GLUCOSIDE, SODIUM COCOAMPHOACETATE, GLYCERIN, PANTHENOL (VITAMIN B5), TOCOPHERYL ACETATE (VITAMIN E), BAMBUSA ARUNDINACEA STE EXTRACT, SODIUM HYDROXIDE, SODIUM BENZOATE, SODIUM CHLORIDE, SODIUM CITRATE, XANTHAN GUM, HELIOTROPINE, PHENOXYETHANOL, POLYQUATERNIUM-10, ACRYLATES/C10-30 AL ACRYLATE CROSSPOLYMER, CITRIC ACID, MASKING FRAGRANCE"
skincare44,"Ingredients: purified water, lauryl glucoside, coc acrylates copolymer, disodium cocoyl glutam glycinate, glycerin, sucrose cocoate, panthend 1.2-hexanediol, sodium cocoyl glutamate, diodi glycol, sodium hydroxide, sodium chloride"
skincare46,"INGREDIENTS: WATER (AQUA), GLYCERIN, C12-15 ALKYL BENZOATE, ISOPROPYL MYRISTATE, DIMETHICONE CROSSPOLYMER, SQUALANE, CYCLOPENTASILOXANE, POLYACRYLATE-13, POLYISOBUTENE, CETOSTEARYL ALCOHOL, ROSEHIP OIL, OLIVE OIL, SWEET ALMOND OIL, XYLITYLGLUCOSIDE, PHENYL TRIMETHICONE, ANHYDROXYLITOL, POLYSORBATE 20, XYLITOL, CENTELLA ASIATICA EXTRACT, DIMETHICONOL PHENOXYETHANOL, ETHYLHEXYLGLYCERIN, OCTENIDINE HCI, AVOCADO OIL, BUTYROSPERMUM PARKII, FRAGRANCE. MFG BY: GLEAM LABORATORIES, L-7,8,9, KALPATARU INDUSTRIAL ESTATE, AT. MORAIYA,"
skincare47,"Ingredients: Water, Glycerin, Mineral Oil, Ethylhexy Palmitate, Dimethicone, Petrolatum, Glyceryl Stearate, PEG-100 Stearate, Cetearyl Alconol, Polysorbate 80, Tocopheryl Acetate, Allantoin, Polysorbate 85, Ascorbyl Glucoside, Retinyl Palmitate, Acrylates/Acrylamide Copolymer, Fragrance, Phenoxyethanol, Ethylhexylglycerin, Methylparaben, Lactose, Cellulose, Caprylyl Glycol, Hydroxypropyl Methylcellulose, Propylparaben, BHT, Geraniol, Benzyl Benzoate, Citronellol, Hexyl Cinn smal Butylphenyl Methylpropional, Limonene, Linalool Richa-Isomethyl Ionone, Ultramarines (C177007)"
skincare48,"NGREDIENTS: Aqua, Glycerin, Hydrogenated Polyisobutene, Cetearyl Ucohol & Ceteareth-20, Butyrospermum Parkii Butter [Shea Butter), Macadamia Integrifolia Seed oil (Macadamia Nut Oil), Cyclopentasiloxan Tocopheryl Acetate, Sodium PCA, Phenoxyethanol, Benzyl Alcohol, Cyclopentasiloxane and Dimethiconol, Sodium Polyacrylate, Panthend, Stearoxytrimethylsilane, Stearyl Alcohol, Acrylates/C10-30 Alkylacrylate Crosspolymer, Trimethyl Dodecatrienol, Citric Acid, Sodium Hydroxide TICS ONLY"
skincare51,"Ingredients/Ingredients: AQUA (WATER), CAPRYLIC/CAPRIC TRIGLYCERIDE, CETYL ALCOHOL, PROPANEDIOL, STEARYL ALCOHOL, GLYCERIN, SODIUM HYALURONATE, ARGININE, ASPARTIC ACID, GLYCINE, ALANINE, SERINE, VALINE, ISOLEUCINE, PROLINE, THREONINE, HISTIDINE, PHENYLALANINE, GLUCOSE, MALTOSE, FRUCTOSE, TREHALOSE, SODIUM PCA, PCA, SODIUM LACTATE, UREA, ALLANTOIN, LINOLEIC ACID, OLEIC ACID, PHYTOSTERYL CANOLA GLYCERIDES, PALMITIC ACID,"
skincare53,"G715742/2 INGREDIENTS: AQUA/WATER CYCLOPENTASILOXANE GLYCERIN DIMETHICONE POLYGLYCERYL-4 ISOSTEARATE CETYL PEG/PPG-10/1 DIMETHICONE HEXYL LAURATE PENTYLENE GLYCOL DISTEARDIMONIUM HECTORITE METHYLPARABENE CELLULOSE GUM ALUMINUM HYDROXIDE MAGNESIUM SULFATE PHENOXYETHANOL DISODIUM STEAROYL GLUTAMATE TRISTEARIN ACETYLATED GLYCOL STEARATE ACRYLATES COPOLYMER BUTYLPARABEN. [+/- MAY CONTAIN: CI 77891 / TITANIUM DIOXIDE IN 77492, IN 77499, IN 77491/ Code F.I.L.: B12815/2 IRON OXIDES]"
skincare54,INGREDIENTS: AQUA (WATER) • CYCLOPENTASILOXANE • CETYL ALCOHOL CETYL TRANEXAMATE HCL • PENTYLENE GLYCOL • ISOPROPYL LAUROYL SARCOSINATE • METHYL GLUCETH-10. DIMETHICONE POLYMETHYLSILSESQUIOXANE • RAFFINO- SE SORBETH-40 TETRAOLEATE BUTYLENE GLYCOL PAR- BEN HYDROXYETHYLCELLULOSE CHLORPHENESIN • MA- STEARATE DIMETHICONE/VINYL DIMETHICONE CROSSPOLY- PROPYLPARABEN • GLYCYRRHIZA GLABRA (LICORICE) ROOT EXTRACT • HY- DROLYZED CONCHIOLIN PROTEIN FUM (FRAGRANCE) • POLYSORBATE 60 • METHYLPARA-GNESIUM CHLORIDE SODIUM CITRATE SORBITAN MER BHT GLYCERYL STEARATE IL22A
skincare55,"INGREDIENTI: AQUA, CHAMOMILLA RECUTITA WATER"", ARGANIA SPINOSA OIL*, CETEARYL ALCOHOL, ETHYLHEXYL PALMITATE"", GLYCERIN, CETYL ETHYLHEXANOATE, OENOTHERA BIENNIS OIL, CETEARYL GLUCOSIDE, ALOE BARBADENSIS LEAF JUICE"", SIMMONDSIA CHINENSIS OIL**, SODIUM STEAROYL LACTYLATE, TOCOPHEROL, CALENDULA OFFICINALIS EXTRACT, CHAMOMILLA RECUTITA EXTRACT, HYDROGENATED OLIVE OIL"", OLEA EUROPAEA OIL, MAGNESIUM ALUMINUM SIUCATE, UBIQUINONE, XANTHAN GUM, SODIUM ASCORBYL PHOSPHATE, THIOCTIC ACID, RIBES NIGRUM BUD EXTRACT**, TILLA TOMENTOSA BUD EXTRACT**, PINUS PINASTER EXTRACT, CITRUS AURANTIUM AMARA PEEL OIL, RIBOFLAVIN, LONICERA CAPRIFOUUM EXTRACT, LONICERA JAPONICA EXTRACT, BENZYL ALCOHOL, DEHYDROACETIC ACID, LIMONENE*Raw material of natural origin **Certified organic raw material Naturally present in the essential oil"
skincare56,"INGREDIENTS INCI (INCI US) Aqua (Water), Caprylic/Capric Triglyceride, Glycerin, Butyrospermum Parkii (Shea Butter), Coco-Caprylate/Caprate, Helianthus Annuus (Sunflower) Seed Oil, Sucrose Stearate, Trehalose, Parfum (Fragrance), Sucrose Distearate, Arginine, Sodium Hyaluronate, Glyceryl Caprylate, Chondrus Crispus (Carrageenan) Extract, Xanthan Gum, Laminaria Ochroleuca Extract, Aloe Barbadensis Leaf Juice, Biosaccharide Gum-2°, Pyrus Malus (Apple) Seed Extract, Commiphora Mukul Resin Extract, Algae Extract, Citric Acid, Phytic Acid,Brassica Oleracea Italica (Broccoli) Extract, Camellia Sinensis Leaf Extract, Silybum Marian Extract
°100% of the ingredients are of natural origin.
°100% of ingredients are from natural origin."
skincare57,"Ingredients (INCI): Anthemis nobilis, Hamamelis virginiana, Aloe barbadensis"", Alcohol, Carnauba, Cera alba, Simondsia chinensis, Chondrus crispus, Hypericum perforatum"", Achillea millefolium, Sodium levulinate, Bambusa arundinacea, Sodium hyaluronate, Asparagopsis armata, Parfum, Lactic acid. Citral**, Neral"", Geranial**, Limonen**. From organic farming. **Naturally present in essential oils. 100% of the total ingredients are of natural origin. 90.93% of the total ingredients are from organic farming. Ecological and organic cosmetics."
skincare58,"INGRÉDIENTS (INCI): aloe barbadensis leaf juice**, aqua, dicaprylyl carbonate, glycerin, polyglyceryl-6 distearate, prunus amygdalus dulcis (sweet almond) oil**, cetearyl alcohol, sodium PCA, leuconostoc/radish root ferment filtrate, xanthan gum, sucrose cocoate, alcohol, glycine soja (soybean) oil, tocopherol, lauryl glucoside, polyglyceryl-2 dipolyhydroxystearate, litsea cubeba fruit oil**, sodium levulinate, sodium anisate, citric acid, citral, limonene, linalool, geraniol. ** Ingredient from Organic Farming"
skincare59,"Składniki/Ingredients: Snail Secretion Filtrate, Aqua, Urea, Glycerin, Cera Alba, Cetyl Alcohol, Stearyl Alcohol, Ricinus Communis Seed Oil, Silica, Ceteareth-25, D-Panthenol, Ethyl Linoleate, Ethyl Oleate, Ethyl Linolate, Ethyl Palmitate, Ethyl Stearate, Tocopheryl Acetate, Hydrolyzed Keratin, Phenoxyethanol, Caprylyl Glycol, Potassium Sorbate, Hexylene Glycol, Sodium Benzoate, Benzyl Alcohol, Sodium Polyacrylate, Parfum, Alpha-Isomethyl Ionone, Linalool."
skincare60,"[PR-014284] - INGREDIENTS: Aqua, Paraffinum Liquidum, Glycerin, Cetearyl Alcohol, Butyrospermum Parkii Butter, Panthenol, Hydrolyzed Hyaluronic Acid, Hydrogenated Palm Glycerides, Caprylyl Glycol, Carbomer, Potassium Cetyl Phosphate, p-Anisic Acid, Sodium Hydroxide, Tocopheryl Acetate, Chlorphenesin, Parfum."
skincare61,7377509-INGREDIENTS: AQUA/WATER. TITANIUM DIOXIDE [NANO]/TITANIUM DIOXIDE C12-15 ALKYL BENZOATE • GLYCERIN BIS-ETHYLHEXYLOXYPHENOL METHOXYPHENYL TRIAZINE ALCOHOL DENAT. DIISOPROPYL SEBACATE. BUTYL METHOXYDIBENZOYLMETHANE PROPYLENE GLYCOL • DIMETHICONE. ETHYLHEXYL TRIAZONE STEARIC ACID • POTASSIUM CETYL PHOSPHATE ALUMINUM HYDROXIDE • AMMONIUM POLYACRYLDIMETHYLTAURAMIDE/AMMONIUM POLYACRYLOYLDIMETHYL TAURATE CAPRYLYL GLYCOL • DISODIUM EDTA DROMETRIZOLE TRISILOXANE GLYCERYL STEARATE HYDROXYPROPYL METHYLCELLULOSE • ISOPROPYL LAUROYL SARCOSINATE PALMITIC ACID • PEG-100 STEARATE PENTYLENE GLYCOL. PHENOXYETHANOL TEREPHTHALYLIDENE DICAMPHOR SULFONIC ACID TOCOPHEROL TRIETHANOLAMINE. (CODE F.I.L.: B44703/3).
skincare63,"1100567 INGREDIENTS: AQUA / WATER . QUATERNIUM-87 POLYQUATERNIUM-37 • PARAFFINUM LIQUIDUM / MINERAL OIL • POLYSORBATE 20 STEARYL ALCOHOL • AMODIMETHICONE BEHENTRIMONIUM CHLORIDE PROPYLENE GLYCOL • 2-OLEAMIDO-1,3-OCTADECANEDIOL. PPG-1 TRIDECETH-6 CHLORHEXIDINE DIGLUCONATE • LINALOOL TRIDECETH-6 PASSIFLORA INCARNATA / PASSIFLORA INCARNATA SEED OIL CETRIMONIUM CHLORIDE COUMARIN. ROYAL JELLY/ROYAL JELLY EXTRACT. PARFUM/ FRAGRANCE. C51245/1"
skincare64,"INGREDIENTS: Purified Water, Aloevera (Aloe Barbadensis) Extract, Sorbitol, Polythylene Scrub Glycerine, Decyl Glucoside, Polyvinylpyrrolidone, Carbomer, Fragrance (Cherry Blossom), Simmondsia chinensis (Jojoba) Seed Oil, Polysorbate 20, Acrylates/C10-30 Alkyl Acrylate/Crosspolymer, Sodium Hydroxide, Phenoxyethanol Methylchloroisothiazolinone, CI 17200 Di-Sodium EDTA,"
data11,"Mineral Oil, Triethylhexanoin, PEG-20 Glyceryl Triisostearate, Water (Aqua), Fragrance (Parfum), Argania Spinosa Kernel Oil, Citrus Aurantium Dulcis (Orange) Peel Oil, Prunus Amygdalus Dulcis (Sweet Almond) Oil, Squalane, Panax Ginseng Root Extract, Tocopherol, Acetyl Glucosamine, Alcohol, Butylene Glycol, Hydrolyzed Silk, Dioscorea Panthaica Root Extract, Phenoxyethanol, Alpha-Isomethyl Ionone, Citronellol, Geraniol, Hexyl Cinnamal, Limonene, Linalool"
data12,"Ingredients: water, propylene glycol, hydrogenated sweet almond oil, isopropyl palmitate, Simmondsia cinensis fat, isostearyl polyether-20, sorbitan sesquioleate, aluminum magnesium silicate, aloe extract, Rosa rugosa flower oil, phenoxyethanol, Opuntia dillenii extract, CI 77492, CI 77491, CI 77499, CI 77891."
data13,"Water, Ammonium Lauryl Sulfate, Ammonium Laureth Sulfate, Glycerin, Sodium Chloride, Phenoxyethanol, Fragrance, Panax Ginseng Root Extract, Rosa Centifolia Flower Extract, Lacto bacillus/Soybean Ferment Extract, Salix Alba (Willow) Bark Extract, Cinnamomum Zeylani
cum Bark Extract, Origanum Vulgare Leaf Extract, Chamaecyparis Obtusa Leaf Extract, Scutellaria Baicalensis Root Extract, Portulaca Oleracea Extract, Limonia Acidissima Extract, Bambusa Vulgaris Leaf Extract, Oldenlandia Diffusa Extract, Lonicera Caprifolium (Honeysuckle) Extract, Laminaria Cloustoni Extract, Caulerpa Lentillifera Extract, Undaria Pinnati fida Extract, Pearl Extract, Hydrolyzed Collagen, Citrus Limon (Lemon) Fruit Extract, Citrus Aurantifolia (Lime) Fruit Extract"
data14,"Ingredients:
Phenyl Trimethicone, Olive Oil Decyl Esters, Squalene, CI 77891 (Titanium Dioxide), Zinc Oxide, CI 77492 (Iron Oxide Yellow), Methicone, Trimethylolhexyllactone Crosspolymer, Silica, Mica, Dimethiconol Stearate, Propylene Glycol, Lanolin Oil, Ozokerite, Cl 77491 (Iron Oxide Red), PVP/Hexadecene Copolymer, CI 77499 (Iron Oxide Black), Beeswax, Hydrogen Dimethicone, Ascorbyl Tetraisopalmitate, Tocopheryl Acetate, Propylparaben, Butylated Hydroxytoluene, Fragrance."
data15,"Ingredients:

Water, Niacinamide, Glycerin, Butylene Glycol, Biosaccharide gum-1, Hydroxyethyl Cellulose, Centella asiatica extract, Phenoxyethanol, Chlorphenesin, Dissodium EDTA, Sodium Bisulfite, 1,2-Hexanediol."
data16,"Ingredients:

Soluble Dietary Fibre (Fibregum""). Mixed Berries (Blackberry, Raspberry, Elderberry, Blueberry). Cassia Seed, Lotus Leaf, Milk Thistle Seed, Moringa Leaf, African Mango Seed Extract, Hawthorn Berry.

Each sachet contains Soluble Dietary Fibre (Fibregum) 300mg, Cassia obtusifolia 36mg. Nelumbo nucifera 36mg, Silybum marianum 12mg. Moringa oleifera 12mg."
data17,"Ingredients: Organic Sunflower Seed Oil, Organic Coconut Oil, Organic Castor Seed Oil,

Organic Beeswax, Organic Lavender Oil, Organic Peppermint Oil, Organic Eucalyptus Globulus Leaf Oil, Organic Calendula Officinalis Flower Extract, Tocopherol, Organic Chamomile Flower Oil."
skincare65,"WATER (AQUA) (EAU), SODIUM C14-16 OLEFIN SULFONATE WATER IDOPROPYL HYDROXYSULTAINE ENOCYLIC ACID, CHARCOAL POWDER, SH-OLIGOPEPTIDE-78, PANTHENOL, GLYCERIN, SODIUM PHYTATE, GUAR HYDROXYPROPYLTRIMONIUM CHLORIDE, CAPRYL GLYCOL, CAPRYLHYDROXAMIC ACID, CITRIC ACID, POTASSIUM HYDROXIDE, FRAGRANCE (PARFUM), BENZYL SALICYLATE, LIMONENE"
skincare66,"Ingredients: Purified Water, Sodium Laureth Sulfate, Cocamidopropyl Betaine, PEG-8 Distearate, Cocamidopropyl Hydroxysultaine, Benzyl Alcohol, Polyquaternium-22."
skincare67,"INGREDIENTS: Water, Mineral Oil, Cetyl Alcohol, Glycerin, Stearic Acid, Ceteareth-20, Tocopheryl Acetate, Aloe Barbadensis Leaf Juice, Triticum Vulgare (Wheat) Germ Oil, Retinyl Palmitate, Carbomer, Helianthus Annuus (Sunflower) Seed Oil, Sesamum Indicum (Sesame) Seed Oil, Dimethicone, Sodium Lauryl Sulfate, Propylene Glycol, Benzyl Alcohol, Methylchloroisothiazolinone, Methylisothiazolinone, Fragrance, Sodium Hydroxide."
skincare68,"INGREDIENTS: Purified Water, Butyrospermum parkil (Shea Butter), Theobroma cacao (Cocoa) Seed Butter, Cetyl alcohol, Glycerine, Emulsifying Wax IP, Glyceryl Stearate, PEG 100 Stearate, Cetearyl Olivate, Mangifera indica (Mango) Seed Butter, Sodium Hyaluroanate, Niacinamide, Phenoxyethanol, Sorbitan Olivate, Acrylamide/Sodium Acryloyldimethyl Taurate Copolymer, Isohexadecane, Sodium Hydroxide, Polysorbate 80, Sodium Lauroyl Lactylate, Ethylhexylglycerin, Disodium EDTA, Diazolidinyl Urea, Ceramide 3, Ceramide 6 II, Ceramide 1. Phytosphingosine, Cholesterol, Xanthan Gum, Carbomer and lodopropynyl Butylcarbamate."
skincare69,"Ingredients: Calcium Carbonate, Microcrystalline Cellulose, Magnesium Oxide, Ascorbic Acid, Ferrous Fumarate, Maltodextrin, DL-Alpha-Tocopheryl Acetate, Nicotinamide, Modified Maize Starch, Glazing Agent (Hydroxy Propyl Methyl Cellulose), Zinc Oxide, Magnesium Stearate, Anti-Caking Agent (Silicon Dioxide), Copper Gluconate, Calcium Pantothenate, Manganese Sulphate Monohydrate, Acacia Gum, Hydroxy Propyl Methyl Cellulose, Corn Starch, Humectante (Glycerol), Pyridoxine Hydrochloride, Thiamin Hydrochloride, Riboflavin, Retinyl Acetate, Corn Oil, Sucrose, Sunflower Oil, Silicon Dioxide, Chromium' Picolinate, Folic Acid, Potassium lodide, Mixed Sodium Selenite, Phytomenadione, Sodium Ascorbate, Tocopherols, Sodium Molybdate Dihydrate, Cyanocobalamin."
skincare70,"INGREDIENTS: Aqua (Water), Paraffinum Liquidum (Mineral Oil), Cetearyl Alcohol, Cetyl Alcohol, Sodium Laureth Sulfate, Propylparaben, Cyclopentasiloxane, Parfum (Fragrance), 2-Bromo-2-Nitropropane-1,3-Diol, Laureth-2, Sodium Sulfate, Glycerin, Royal Jelly, Citric Acid, Sodium Chloride, Butylphenyl Methylpropional, Benzyl Salicylate, Citronellol, Geraniol, Alpha-Isomethyl Ionone, Coumarin, Linalool, Hexyl Cinnamal, CI 15985 (FD&C Yellow No. 6), CI 19140 (FD&C Yellow No. 5)."
skincare71,"INGREDIENTS: WATER, SODIUM LAURETH SULFATE, SODIUM CITRATE, COCAMIDOPROPYL BETAINE, SODIUM XYLENESULFONATE, SODIUM LAURYL SULFATE, SODIUM CHLORIDE, STEARYL ALCOHOL, CETYL ALCOHOL, FRAGRANCE, GLYCERIN, DIMETHICONOL GUAR HYDROXYPROPYLTRIMONIUM CHLORIDE, DIMETHICONE SODIUM BENZOATE, CITRIC ACID, T TETRASODIUM EDTA, TRISODIUM ETHYLENEDIAMINE TEA-DODECYLBENZENESULFONATE, DISUCCINATE, TRIDECETH-10, POLYQUATERNIUM-6, POLYQUATERNIUM-10, TRIHYDROXYSTEARIN, THEOBROMA CACAO (COCOA) SEED B SEED BUTTER, METHYLCHLOROISOTHIAZOLINONE, BUTTER, BUTYROSPERMUM PARKII (SHEA) METHYLISOTHIAZOLINONE"
skincare72,"INGREDIENTS/INGREDIENTS: CYCLOPENTASILOXANE, DIMETHICONE CROSSPOLYMER, SILICA, PHENOXYETHANOL, TOCOPHERYL ACETATE (VITAMIN E)."
skincare73,"Ingredients/Ingrédients: Aqua/Water/Eau, Sodium Lam fate, PEG-4 Rapeseedamide, Sodium Chloride Cocamidopropyl Betaine, te Stear Hydantoin, Parfum Fragrance), Glycol Distearate, Steareth-4, PEG-7 Glyce Date, Polysorbate 20, Glycerin, Citric Acid, Disodium EDTA, Hexyl Cinnamal, Hydroxycitronellal, Octadecy d-t-butyl-4-hydroxyhydrocinnamate, Aloe Barbadensis Leaf Juice, Cocos Nucifera (Coconut) Oil, Simmondsia Chinensis (Jojoba) Seed Oil, Tocopheryl Acetate, Alcohol Chondrus Crispus (Carrageenan), Canola Oil, Chamomila Recutita (Matricaria) Flower Extract, Althaea Officinalis Root Extract, Camellia Sinensis Leaf Extract, Symphytum Officinale Root Extract."
skincare76,"INGREDIENTS: Aqua/Water, Glycerin, Squalane, Propanedi Undecane, Caprylic/Capric Triglyceride, Butyrospermum Paris"
skincare78,"Leaf Juice, Glycerin, PPG-2 Myreth Propionate, INGREDIENTS: Purified Water, Aloe Barbadensis Squalane, Dimethicone, Beeswax, Cetearyl Alcohol, Polysorbate-60, Carbomer, Triethanolamine, Benzyl Alcohol, Disodium EDTA, Methylparaben, Propylparaben, Imidazolidinyl Urea. 804"
skincare79,"INGREDIENTS: Water, Glycerin, Cocoglycerides, Cetyl Alcohol, Phenoxyethanol, Avena Sativa (Oat) Kernel Oil, Carbomer, Ethylhexylglycerin, Potassium Cetyl Phosphate, Hydrogenated Palm Glycerides, Avena Sativa (Oat) Kernel Flour, Disodium EDTA, Fragrance, p-Anisic Acid, Sodium Hydroxide, Prunus Amygdalus Dulcis (Sweet Almond) Oil"
skincare82,"Ingredients: Aqua, C12-15 Alkyl Benzoate, Glycerin, Butyl Methoxydibenzoylmethane. Octocrylene. Sodium Phenylbenzimidazole Sulfonate, Cetyl Alcohol, Dimethicone, Tapioca Starch, Glyceryl Glucoside Sodium Ascorbyl Phosphate, Vitis Vinifera Seed Oil, Glycyrrhiza Glabra Root Extract. Malpighia Glabra Fruit Juice. Myrciaria Dubia Fruit Juice, Bisabolol, Propylene Glycol, Cetyl Palmitate, Glyceryl Searate, Stearic Acid, Palmitic Acid, Sodium Carbomer, Trisodium EDTA, Myristic Acid Arachidic Acid Oleic Acid, Alcohol Denat., Citric Acid, Polysorbate 20. Trideceth-9, Benzoic Acid, Phenoxyethanol Methylthiazinone, Parfum"
skincare83,"INGREDIENTS: Aqua, Cocamidopropyl Betaine, Sodium Lauroyl Methyl Isethionate, Decyl Glucoside, Coco-Glucoside (and) Glyceryl Oleate, Aqua (and) Vaccinium Myrtillus Fruit/ Leaf Extract (and) Saccharum Officinarum (Sugarcane) Extract (and) Citrus Aurantium Dulcis (Orange) Fruit Extract (and) Citrus Limon (Lemon) Fruit Extract (and) Acer Saccharum (Sugar Maple) Extract, Betaine, PEG 120 Methyl Glucose Dioleate, Glycerin, Sodium Benzoate, Potassium Sorbate, Sodium Benzotriazolyl Butylphenol Sulfonate, Buteth-3, Tributyl Citrate, Disodium EDTA, Fragrance, C.I. 19140, C.I. 45100"
skincare84,"Ingredients/Composition: Aqua, hydrogen peroxide, cetearyl alcohol, sodium laureth sulfate, glycerin, hydrolyzed rice protein, pentasodium pentetate, dimethicone, oxyquinoline sulfate, phosphoric acid, tetrasodium edta."
skincare85,"INGREDIENTS: Aqua, Caprylic/Capric Triglyceride, Isopropyl Myristate, Glyceryl Stearate SE, Ricinus Communis (Castor) Seed Oil and Hydrogenated Castor Oil, Phenoxyethanol and Ethylhexylglycerin, Cetearyl Alcohol, Cetyl Alcohol, Sorbitan Stearate and Sucrose Cocoate, Glycerin, Sodium Cetearyl Sulfate, Fragrance, Lilium Candidum Bulb Extract, Dimethicone, Sodium Benzoate, Carbomer, Pyrus Malus Fruit Extract, Triticum Vulgare Germ Oil, Tocopheryl Acetate, Citrus Grandis Fruit Extract, Citrus Limon Fruit Extract, Solanum Lycopersicum Fruit/Leaf/Stem Extract, Vaccinium Myrtillus Fruit/Leaf Extract, Disodium EDTA, Sodium Hydroxide."
skincare86,"Ingredients: Aqua, Aluminum Chloro- hydrate, PPG-15 Stearyl Ether, Steareth-2, Steareth-21, Aluminum Sesquichlorohydrate, Par- fum, Magnesium Aluminum Silicate, Per- Sea Grass Oil, Trisodium EDTA, BHT, Linseed- alool, Limonene, Benzyl Alcohol, Geraniol, Citronellol."
skincare87,"Ingredients Water, Dipropylene Glycol, Pentylene Glycol, Salicylic Acid, Butylene Glycol, Polysorbat 20, Palmitoyl Oligopeptide, Palmitoyl Tetrapeptide-7, Dipotassium Glycyrrhizate, Nordihydroguaiaretic Acid, Oleanolic Acid, Sod Hyaluronate, Allantoin, Trehalose, Panthenol Glycerin, PEG-60 Almond Glycerides, Caprylyl G PEG/PPG-18/4 Copolymer, Methyl Gluceth-20, BS-PEG-18 Methyl Ether Dimethyl Silane, Gycereth-26, Sodium Metabisulfite, Sodium Hydroxide, Carbomer, Disodium EDTA."
skincare88,"INGREDIENTS: Water (Aqua, Eau), Glycerin, Caprylic/Capric Triglyceride, Glyceryl Stearate SE Fragrance (Parfum), C12-15 Alkyl Benzoate, Cetyl Alcohol, Dimethicone, Isohexadecane, Stearic Acid, Oryza Sativa (Rice) Bran Oil, Hydrolyzed Milk Protein, Euterpe Oleracea Fruit Extract, Tocopherol, PEG-100 Stearate, Petrolatum, Acrylates/C10-30 Alkyl Acrylate Crosspolymer, Triethanolamine, Disodium EDTA, BHT, Sodium Dehydroacetate Diazolidinyl Urea, Amylcinnamyl Alcohol, Amyl Cinnamal, Benzyl Alcohol, Benzyl Benzoate, Citronellol, Geraniol, Hexyl Cinnamal, Limonene, Linalool, Butylphenyl Methylpropional."
skincare89,"INGREDIENTS: Aqua, C14-16 Olefin Sulfonate, Cocamido propyl Betaine, Cocamidopropyl Hydroxysultaine, Sodium Cocoyl Isethionate, Decyl Glucoside, Coco-Glucoside (and) Glyceryl Oleate, Dexpanthenol, Polyquaternium 7 Bio Niacinamide, Nasturtium officinale Extract, Tropaeolum maus Extract, Polyquaternium 22, Piroctone Olamine, PEG 120 Methyl Glucose Dioleate, Glycerin, Hydrolysed Wheat Protein, Glycol Monostearate, Disodium EDTA, Citric Acid, Methylchloroisothiazolinone, Fragrance, C.I. 45100, C.I. 42090 Methylisothiazolinone,"
skincare90,"Ingredients: Purified Water, Glycerin, Behentrimonium Methosulfate and Cetearyl Alcohol, Mineral Oil, Glyceryl Stearate SE, Ammonium Lactate, Salicylic Acid, Triethanolamine, Cetyl Alcohol, Cuacinamide, PEG-100 Alcohahin D3 in Corn Oil), Ceramide 3, Ceraratee Chi, Ceramide 1, Cholesterol, Phytosphingosine, Hyaluronic Acid, Phenoxyethanol, Simethicone, Methylparaben, dedate Disodium, Propylparaben, Sodium Lauroyl Lactylate, Carbomer, Xanthan Gum."
skincare91,"INGREDIENTS: Aqua, C14-16 Olefin Sulfonate, Cocamido- propyl Betaine, Cocamidopropyl Hydroxysultaine, Sodium Cocoyl Isethionate, Decyl Glucoside, Coco-Glucoside (and) Glyceryl Oleate, Dexpanthenol, Polyquaternium 7, Biotin, Niacinamide, Nasturtium officinale Extract, Tropaeolum majus Extract, Polyquaternium 22, Piroctone Olamine, PEG 120 Methyl Glucose Dioleate, Glycerin, Hydrolysed Wheat Protein, Glycol Monostearate, Disodium EDTA, Citric Acid, Methylchloroisothiazolinone, Fragrance, C.I. 45100, C.I. 42090 Methylisothiazolinone,"
skincare92,"Ingredients: Ascorbic Acid, Cellulose, Ferrous Fumarate, Calcium Carbonate, Vitamin E Acetate, Modified Maize Starch, Nicotinamide, Maltodextrin, Hydroxypropylmethylcellulose, Calcium Pantothenate, Silicon Dioxide, Pyridoxine Hydrochloride, Colours (Titanium Dioxide, Iron Oxide), Magnesium Stearate, Stearic Acid, Thiamine Mononitrate, Riboflavin, Vitamin A Acetate, Talc, Antioxidants (Tocopherol, Tartaric Acid), Folic Acid, Biotin, Vitamin D3 (Cholecalciferol), Cyanocobalamin, Free from Artificial Flavours and Preservatives. Lactose Free."
skincare93,"Ingredients: Purified water, Propylene Glycol, PEG-40 Hydrogenated Castor Oil, Pisum Sativum (Pea) Sprout Extract, Betaine, Cyclopentasiloxane, Dimethicone, Panthenol, Ocimum Basilicum Hairy Root Culture Extract & Alcohol & Aqua, Cetyl Ester wax, Niacinamide, Carbomer, BIS- PEG-18 Methyl Ether Dimethyl Silane, Methyl Paraben, Caffeine, Potassium Hydroxide, Aloe Barbadensis (Aloe Vera) Leaf Extract, Butylated Hydroxy Toluene, Hydrolysed vegetable protein, Pyridoxine HCl, DiSodium EDTA, Perfume, Aqua & Glycerin & Serenoa Serrulata Fruit Extract, Oat Beta Glucan, Cetearyl Alcohol, Propyl Paraben, Biotin."
skincare94,"INGREDIENTS: Water, Dimethicone/Vinyl Dimethicone Crosspolymer (and) Cyclomethicone (and) Dimethicone (and) Cetyl PEG/ PPG 10/1 Dimethicone, Ethylhexyl Methoxycinnamate, Glycerin, Triethanolamine, Disodium Phenyl Dibenzimidazole Tetrasulfonate, Phenylbenzimidazole Sulfonic Acid, Sodium Chloride, Tetrasodium EDTA, Calophyllum Inophyllum (Nyamplung) Seed Oil, Phenoxyethanol, Fragrance Menthyl Lactate"
skincare95,"Ingredients Tablet Ingredients: Calcium Carbonate, Bulking Agents: Maltodextrin & Microcrystalline Cellulose, Magnesium Oxide, Vitamin C (Ascorbic Acid), Inositol, L-Arginine, Tablet Coating (Hydroxypropylmethylcellulose, Hydroxypropyl cellulose, Natural Colours: Titanium Dioxide, Copper Chlorophyllin), Ferrous Fumarate, N-Acetyl Cysteine, Anti-caking Agents: Stearic Acid & Magnesium Stearate, Zinc Sulphate, Silicon Dioxide, Niacin (Nicotinamide), Vitamin B6 (Pyridoxine HCI), Vitamin B12 (Cyanocobalamin, Maltodextrin, Trisodium Citrate, Citric Acid), Natural Mixed Carotenoids (Betacarotene, Gamma-carotene, Citroxanthin, Beta-Zeacarotene, Modified Starch, Corn Starch, Glucose Syrup, Anti-oxidants: DL-alpha Tocopherol, Sodium Ascorbate), Thiamin (Vitamin B1 Mononitrate), Pantothenic Acid (as Calcium Salt), Vitamin E (D Alpha Tocopheryl Acid Succinate)*, Vitamin D3 (Cholecalciferol, Acacia, Sucrose, Corn Starch, Medium Chain Triglycerides, Anti-oxidant: DL-alpha Tocopherol), Copper Sulphate, Riboflavin, Vitamin K1, Manganese Sulphate, Sodium Selenate, Folic Acid (as Pteroylmonoglutamic Acid, Calcium-L-Methylfolate), Potassium lodide, Biotin 44843>"
skincare96,"INGREDIENTS - INGRÉDIENTS: AQUA/WATER/EAU, COCAMIDOPROPYL SODIUM LAURETH BETAINE, SULFATE SODIUM COCOYL ISETHIONATE, PARFUM/FRAGRANCE, COCO-GLUCOSIDE, GLYCERYL OLEATE, ALOE BARBADENSIS LEAF JUICE, ARGININE, BENZYL ALCOHOL, BENZYL SALICYLATE, CASTORYL MALEATE, GLYCERIN, GUAR HYDROXYPROPYLTRIMONIUM CHLORIDE, HYDROLYZED WHEAT GLUTEN, IMIDAZOLIDINYL UREA, LACTIC ACID, LIMONENE, OLEA EUROPAEA (OLIVE) LEAF EXTRACT, PHENOXYETHANOL, POLYQUATERNIUM-7, POTASSIUM SORBATE, SODIUM BENZOATE, SODIUM CHLORIDE, SODIUM DEHYDROACETATE, SODIUM GLUCONATE, TOCOPHEROL"
skincare97,1113941 - INGREDIENTS: WATER. CETEARYL ALCOHOL. MINERAL OIL BEHENTRIMONIUM CHLORIDE ISOPROPYL ALCOHOL GLYCERIN PHENOXYETHANOL FRAGRANCE CHLORHEXIDINE DIGLUCONATE HEXYL CINNAMAL BENZYL SALICYLATE LINALOOL. BUTYLPHENYL METHYLPROPIONAL CITRIC ACID BENZYL ALCOHOL HYDROXYISOHEXYL 3-CYCLOHEXENE CARBOXALDEHYDE BENZYL BENZOATE ALPHA-ISOMETHYL IONONE NYMPHAE ALBA FLOWER EXTRACT. C163742/1
skincare98,"Ingredients: Fat emulsion powder [Calcium caseinate (milk protein), Maltodextrin, High oleic acid sunflowerseed oil, Low erucic acid rapeseed oil, Minerals, Choline hydrogen tartrate, Emulsifier (Soya lecithin), Stabilizer (340i), L-Carnitine, Vitamins"", Maltodextrin, Sugar, Amino acid premix (L-Leucine, Maltodextrin, L-Isoleucine, L-Valine), Minerals"", Taurine and Vitamins""."
skincare99,"INGREDIENTS: Aqua, Glycerine, Butylene Glycol. Niacinamide, Bis-PEG-18 Methyl Ether Dimethyl Silane. Ammonium Acryloyldimethyltaurate/ Beheneth-25 Methacrylate Crosspolymer, Propanediol (and) Evodia Rutaecarpa Fruit Extract, Magnesium Aspartate (and) Zinc Gluconate (and) Copper Gluconate, Panthenol, Tocopheryl (vitamin E) acetate, Disodium EDTA, Citric acid, Fragrance Pentaerythrityl Tetra-di-t-butyl Hydroxyhydrocinnamate.. Phenoxyethanol, lodopropynyl Butylcarbamate"
skincare101,"INGREDIENTS: Colorant (Type 3): Liquid Paraffin, Aqua (Water), Ethanolamine, Steareth-21, Steareth-2, Resorcinol, p-Phenylenediamine, Cetearyl Alcohol, Trideceth-2 Carboxamide MEA, p-Aminophenol, m-Aminophenol, 2, 4-Diaminophenoxyethanol HCI, 2-Methylresorcinol, Xanthan Gum, Polyquaternium-22, Ceteareth-20, Sodium Sulphite, Ascorbic Acid, Disodium EDTA, 1-Hydroxyethylidene-1, 1-Diphosphonic Acid Disodium Salt, Sodium Metabisulphite, Phenyl Methyl Pyrazolone, Parfum"
